{"cameraMode":{"drawMode":0,"name":"Shaded","section":"Shading Mode"},"sceneLighting":false,"audioPlay":false,"sceneViewState":{"showFog":true,"showMaterialUpdate":false,"showSkybox":false,"showFlares":true,"showImageEffects":true,"showParticleSystems":true,"showVisualEffectGraphs":true,"m_FxEnabled":true},"in2DMode":false,"pivot":{"x":3.733403205871582,"y":3.32163143157959,"z":-4.537872314453125},"rotation":{"x":0.016787201166152955,"y":-0.049164336174726489,"z":0.0008275241125375032,"w":0.9986029863357544},"size":12.279934883117676,"orthographic":false}