{"cameraMode":{"drawMode":0,"name":"Shaded","section":"Shading Mode"},"sceneLighting":false,"audioPlay":false,"sceneViewState":{"showFog":true,"showMaterialUpdate":false,"showSkybox":false,"showFlares":true,"showImageEffects":true,"showParticleSystems":true,"showVisualEffectGraphs":true,"m_FxEnabled":true},"in2DMode":false,"pivot":{"x":-0.1516265869140625,"y":1.1913447380065919,"z":-0.22419202327728272},"rotation":{"x":0.008040117099881173,"y":0.9432628154754639,"z":-0.022937141358852388,"w":0.33100515604019167},"size":1.1621416807174683,"orthographic":false}