{"cameraMode":{"drawMode":0,"name":"Shaded","section":"Shading Mode"},"sceneLighting":false,"audioPlay":false,"sceneViewState":{"showFog":true,"showMaterialUpdate":false,"showSkybox":false,"showFlares":true,"showImageEffects":true,"showParticleSystems":true,"showVisualEffectGraphs":true,"m_FxEnabled":true},"in2DMode":false,"pivot":{"x":0.6814658045768738,"y":1.0699098110198975,"z":-0.5675671100616455},"rotation":{"x":0.034085340797901157,"y":0.9343605041503906,"z":-0.09309753775596619,"w":0.3421175181865692},"size":1.1621416807174683,"orthographic":false}