{"cameraMode":{"drawMode":0,"name":"Shaded","section":"Shading Mode"},"sceneLighting":false,"audioPlay":false,"sceneViewState":{"showFog":true,"showMaterialUpdate":false,"showSkybox":true,"showFlares":true,"showImageEffects":true,"showParticleSystems":true,"showVisualEffectGraphs":true,"m_FxEnabled":true},"in2DMode":false,"pivot":{"x":291.3736572265625,"y":262.4981689453125,"z":13.3885498046875},"rotation":{"x":-0.012308888137340546,"y":0.009598427452147007,"z":-0.00010412608389742672,"w":-0.999891996383667},"size":341.5767822265625,"orthographic":false}