{"cameraMode":{"drawMode":0,"name":"Shaded","section":"Shading Mode"},"sceneLighting":false,"audioPlay":false,"sceneViewState":{"showFog":true,"showMaterialUpdate":false,"showSkybox":true,"showFlares":true,"showImageEffects":true,"showParticleSystems":true,"showVisualEffectGraphs":true,"m_FxEnabled":true},"in2DMode":false,"pivot":{"x":-2.491844892501831,"y":0.7568424940109253,"z":-2.7813048362731935},"rotation":{"x":-0.15862293541431428,"y":-0.010406561195850373,"z":0.0015902768354862929,"w":-0.9872403740882874},"size":4.272130012512207,"orthographic":false}