{"cameraMode":{"drawMode":0,"name":"Shaded","section":"Shading Mode"},"sceneLighting":false,"audioPlay":false,"sceneViewState":{"showFog":true,"showMaterialUpdate":false,"showSkybox":true,"showFlares":true,"showImageEffects":true,"showParticleSystems":true,"showVisualEffectGraphs":true,"m_FxEnabled":true},"in2DMode":false,"pivot":{"x":1.1821101903915406,"y":-2.5920090675354006,"z":-6.6327314376831059},"rotation":{"x":-0.42392629384994509,"y":-0.04212737828493118,"z":0.019709378480911256,"w":-0.9044360518455505},"size":7.530662536621094,"orthographic":false}